Bomberka w kolorze czarnym z ozdobn¹ taœm¹ na rêkawach ; VB4185 czarny/taœma  ; aat15 ; 80.99 ; 44.99 ; XS(34) ; Liczba zdjec: 2 ; Czyszczenie magazynu ; Bluzy ; 
Szara bomberka z ozdobn¹ taœm¹ na rêkawach ; VB4185 szary/taœma  ; aat5 ; 78.99 ; 31.99 ; XS(34) S(36) M(38) L(40) XL(42) ; Liczba zdjec: 2 ; Czyszczenie magazynu ; Bluzy ; 
Czarna bluza z rêkawami w malowane kwiaty ; VB4607 czarny/ró¿owy/malowane kwiaty. ; AA8 ; 98.99 ; 70.99 ; XS ; Liczba zdjec: 2 ; Czyszczenie magazynu ; Bluzy ; 
Czarna bluza z rêkawami w egzotyczne kwiaty ; VB1693 czarny/ró¿owy/kwiaty/liœcie. ; AAx ; 70.99 ; 43.99 ; XS S M L XL ; Liczba zdjec: 2 ; Czyszczenie magazynu ; Bluzy ; 
Bia³a bomberka z rêkawami w kwiaty ; VB4112 bia³y/rêkaw kwiaty. ; aat15 ; 85.99 ; 41.99 ; XS(34) L(40) XL(42) ; Liczba zdjec: 2 ; Czyszczenie magazynu ; Bluzy ; 
Gruba bordowa bluza z misiem ; VB4814 bordowy/komin  ; AA10 ; 86.99 ; 74.99 ; XS(34) ; Liczba zdjec: 2 ; Czyszczenie magazynu ; Bluzy ; 
Czarna bomberka w ró¿owe i czerwone kwiaty ; VB4112 czarny/ró¿owy/czerwony/kwiaty/liœcie. ; aat10 ; 81.99 ; 46.99 ; XS(34) M(38) L(40) ; Liczba zdjec: 2 ; Czyszczenie magazynu ; Bluzy ; 
Ró¿owa bluza z ozdobn¹ taœm¹ LOVE ; VB4798 ró¿owy  ; aat5 ; 85.99 ; 44.99 ; XXL(44) ; Liczba zdjec: 2 ; Czyszczenie magazynu ; Bluzy ; 
Bluza z kapturem z czarnymi rêkawami w czarno-bia³e paski ; VB4794 czarny/bia³y/paski ; AA10 ; 91.99 ; 72.99 ; XS(34) ; Liczba zdjec: 2 ; Czyszczenie magazynu ; Bluzy ; 
Bia³a bomberka w egzotyczne kwiaty ; VB4185 bia³y/egzotyczne kwiaty. ; AA8 ; 86.99 ; 68.99 ; XS(34) ; Liczba zdjec: 2 ; Czyszczenie magazynu ; Bluzy ; 
Granatowa bomberka w ptaki ; VB4185 granatowy/ptaki. ; aat5 ; 80.99 ; 38.99 ; XS(34) XL(42) ; Liczba zdjec: 2 ; Czyszczenie magazynu ; Bluzy ; 
Bia³a bluza z kapturem w ró¿owe kwiaty ; VB4386 bia³y/ró¿owy/zielony/kwiaty/liscie. ; Aat ; 91.99 ; 42.99 ; XL(42) ; Liczba zdjec: 2 ; Czyszczenie magazynu ; Bluzy ; 
Bia³a bluza z kapturem w niebieskie ró¿e ; VB4386 bia³y/niebieski/ró¿e. ; AA8 ; 98.99 ; 66.99 ; XS(34) ; Liczba zdjec: 2 ; Czyszczenie magazynu ; Bluzy ; 
Bia³a bluza w ró¿owe kwiatki i zielono-niebieskie liœcie ; VB1693 bia³y/ró¿owy/zielony/turkusowy/liœcie. ; AAn ; 77.99 ; 46.99 ; S L XL ; Liczba zdjec: 2 ; Czyszczenie magazynu ; Bluzy ; 
Bia³a bluza w egzotyczne liœcie i kwiaty ; VB1693 bia³y/egzotyczne liœcie/kwiaty. ; AA7 ; 77.99 ; 47.99 ; XS S M L XL ; Liczba zdjec: 2 ; Czyszczenie magazynu ; Bluzy ; 
Bia³a bluza w zielono-niebieskie liœcie palmy ; VB1693 bia³y/zielony/niebieski/liœcie palmy. ; AAx ; 68.99 ; 43.99 ; S M L XL ; Liczba zdjec: 2 ; Czyszczenie magazynu ; Bluzy ; 
Bia³a bomberka w ró¿owe kwiaty ; VB4112 bia³y/ró¿owy/kwiaty/liœcie. ; Aat ; 80.99 ; 52.99 ; M(38) XL(42) ; Liczba zdjec: 2 ; Czyszczenie magazynu ; Bluzy ; 
Czarna bomberka w polne kwiaty ; VB4112 czarny/polne kwiaty. ; AA8 ; 84.99 ; 67.99 ; XL(42) ; Liczba zdjec: 2 ; Czyszczenie magazynu ; Bluzy ; 
Bia³a bomberka w kolorowe wzory ; VB4112 bia³y/kolorowy/wzór. ; aat0 ; 78.99 ; 34.99 ; L(40) XL(42) ; Liczba zdjec: 2 ; Czyszczenie magazynu ; Bluzy ; 
Bia³a bomberka w drobne kwiatuszki ; VB4112 bia³y/kolorowy/drobny/kwiaty. ; aat5 ; 84.99 ; 40.99 ; L(40) ; Liczba zdjec: 2 ; Czyszczenie magazynu ; Bluzy ; 
Bia³a narzutka z kapturem w liœcie i kwiaty ; VB2025 bia³y/szary/morelowy. ; Tymczasowa Wyprzeda¿ - do 2 grudnia! (AA11) ; 68.99 ; 55.99 ; XS/S XL/XXL ; Liczba zdjec: 2 ; Czyszczenie magazynu ; Bluzy ; 
Bia³a bomberka w ró¿owo niebieskie kwiaty ; *(VB4112 bia³y/ró¿owo niebieskie kwiaty ; AAn ; 80.99 ; 40.99 ; XS(34) ; Liczba zdjec: 2 ; Czyszczenie magazynu ; Bluzy ; 
Czerwona bomberka w serca ; VB4112 czerwony/serduszka ; Tymczasowa Wyprzeda¿ - do 2 grudnia! (AA11) ; 75.99 ; 58.99 ; XS(34) ; Liczba zdjec: 2 ; Czyszczenie magazynu ; Bluzy ; 
Czerwona bluza w czerwone, œwi¹teczne wzory ; VB4370 czerwony/czerwone œwi¹teczne wzory. ; Tymczasowa Wyprzeda¿ - do 2 grudnia! (AA11) ;   ; 71.99 ; XS(34) ; Liczba zdjec: 2 ; Czyszczenie magazynu ; Bluzy ; 
Czarna bluza w czerwone, œwi¹teczne wzory ; VB4370 czarny/czerwone œwi¹teczne wzory. ; Tymczasowa Wyprzeda¿ - do 2 grudnia! (AA11) ;   ; 71.99 ; XS(34) ; Liczba zdjec: 2 ; Czyszczenie magazynu ; Bluzy ; 
Szara bluza w czerwone, œwi¹teczne wzory ; VB4370 szary/czerwone œwi¹teczne wzory ; Tymczasowa Wyprzeda¿ - do 2 grudnia! (AA11) ;   ; 71.99 ; XS(34) ; Liczba zdjec: 2 ; Czyszczenie magazynu ; Bluzy ; 
Czarna bluza z kolorowymi rêkawami ; VB4568 czarny/kolorowe trójk¹ty ; Tymczasowa Wyprzeda¿ - do 2 grudnia! (AA11) ;   ; 68.99 ; XS ; Liczba zdjec: 2 ; Czyszczenie magazynu ; Bluzy ; 
Szara bluza w têcze ; VB4567 szary/têcza ; Tymczasowa Wyprzeda¿ - do 2 grudnia! (AA11) ; 73.99 ; 53.99 ; XS(34) ; Liczba zdjec: 2 ; Czyszczenie magazynu ; Bluzy ; 
Sportowa bluza z czerwieni¹ ; VB4507 czerwony/bia³y/czarny ; Tymczasowa Wyprzeda¿ - do 2 grudnia! (AA11) ;   ; 66.99 ; XL ; Liczba zdjec: 2 ; Czyszczenie magazynu ; Bluzy ; 
Bia³a bluza z kapturem z ozdobn¹ taœm¹ ; VB4494 bia³y ; Tymczasowa Wyprzeda¿ - do 2 grudnia! (AA11) ;   ; 81.99 ; XS ; Liczba zdjec: 2 ; Czyszczenie magazynu ; Bluzy ; 
Bordowe kimono oversize ; VB4496 bordowy ; Tymczasowa Wyprzeda¿ - do 2 grudnia! (AA11) ;   ; 96.99 ; XS/S ; Liczba zdjec: 2 ; Czyszczenie magazynu ; Bluzy ; 
Jasnozielone kimono oversize ; VB4496 jasnozielony ; Tymczasowa Wyprzeda¿ - do 2 grudnia! (AA11) ;   ; 96.99 ; XS/S ; Liczba zdjec: 2 ; Czyszczenie magazynu ; Bluzy ; 
Bluza ecru ze œci¹gaczami w kwiatowy mix ; VB4378 ecru/mix kwiatów ; Tymczasowa Wyprzeda¿ - do 2 grudnia! (AA11) ;   ; 67.99 ; XS(34) ; Liczba zdjec: 2 ; Czyszczenie magazynu ; Bluzy ; 
Bia³a bomberka w zielone liœcie ; VB4112 bia³y/zielone liœcie/pomarañczowe kwi ; Tymczasowa Wyprzeda¿ - do 2 grudnia! (AA11) ;   ; 75.99 ; XS(34) ; Liczba zdjec: 2 ; Czyszczenie magazynu ; Bluzy ; 
Limonkowa bluza z kieszeniami ; VB4398 limonka ; Wiosna  ;   ; 81.99 ; XS(34) ; Liczba zdjec: 2 ; Czyszczenie magazynu ; Bluzy ; 
Czarna bluza z graficznym motywem w liœcie ; VB1693 czarny/ró¿owe/niebieskie liœcie ; Tymczasowa Wyprzeda¿ - do 2 grudnia! (AA11) ;   ; 67.99 ; XS ; Liczba zdjec: 2 ; Czyszczenie magazynu ; Bluzy ; 
Czarna bluza z siatka na dekolcie ; VB4102 czarny ; aat5 ; 80.99 ; 24.99 ; M(38) ; Liczba zdjec: 2 ; Czyszczenie magazynu ; Bluzy ; 
Bordowa pikowana bluza ; VB4080 bordowy ; Tymczasowa Wyprzeda¿ - do 2 grudnia! (AA11) ; 57.99 ; 38.99 ; XXS(32) ; Liczba zdjec: 2 ; Czyszczenie magazynu ; Bluzy ; 
Bawe³niana bluza ecru w sowy ; VB1693 ecru sowy ; Tymczasowa Wyprzeda¿ - do 2 grudnia! (AA11) ;   ; 68.99 ; XS ; Liczba zdjec: 2 ; Czyszczenie magazynu ; Bluzy ; 
Bawe³niana czarna bluza w ró¿owe wzory paisley ; VB1693 ró¿owe paisley ; Tymczasowa Wyprzeda¿ - do 2 grudnia! (AA11) ;   ; 48.99 ; XS ; Liczba zdjec: 2 ; Czyszczenie magazynu ; Bluzy ; 
Narzutka w kolorze cappuccino ; VB4869 cappuccino  ;  ;   ;   ;  ;   ;  ;  ; 
Sweterek z golfem w kolorze ró¿owego melan¿u ; VB4921 ró¿owy melan¿  ;  ;   ;   ;  ;   ;  ;  ; 
Ró¿owy sweterek z golfem ; VB4921 ró¿owy ;  ;   ;   ;  ;   ;  ;  ; 
B³êkitny sweterek z golfem ; VB4921 b³êkitny  ;  ;   ;   ;  ;   ;  ;  ; 
Sweterek w kolorze ciemnoszarym ; VB4920 ciemnoszary ;  ;   ;   ;  ;   ;  ;  ; 
Sweterek w kolorze ró¿owym ; VB4920 ró¿owy ;  ;   ;   ;  ;   ;  ;  ; 
Sweterek w kolorze bordowym ; VB4920 bordowy ;  ;   ;   ;  ;   ;  ;  ; 
Narzutka w kolorze szarym ; VB4869 szary ;  ;   ;   ;  ;   ;  ;  ; 
Klasyczny kardigan z ozdobnym splotem w kolorze brudnego ró¿u ; VB4853 brudny ró¿ ;  ;   ;   ;  ;   ;  ;  ; 
Klasyczny niebieski kardigan z ozdobnym splotem ; VB4853 niebieski  ;  ;   ;   ;  ;   ;  ;  ; 
Klasyczny ró¿owy kardigan z ozdobnym splotem ; VB4853 ró¿owy  ;  ;   ;   ;  ;   ;  ;  ; 
Sweterek w kolorze neonowego ró¿u ; VB4857 neon ró¿  ;  ;   ;   ;  ;   ;  ;  ; 
Sweterek w kolorze pudrowego ró¿u ; VB4857 pudrowy ró¿  ;  ;   ;   ;  ;   ;  ;  ; 
Sweterek w kolorze be¿owym ; VB4857 be¿owy ;  ;   ;   ;  ;   ;  ;  ; 
Trójkolorowy kardigan z kapturem ; VB4858 zielony/¿ó³ty/bia³y/szary  ;  ;   ;   ;  ;   ;  ;  ; 
Trójkolorowy kardigan z kapturem ; VB4858 bia³y/szary/pudrowy ró¿  ;  ;   ;   ;  ;   ;  ;  ; 
Sweter boho w azteckie wzory w kolorze brzoskwiniowym ; *(VB4418 bia³y/szary/brzoskwiniowy ;  ;   ;   ;  ;   ;  ;  ; 
